PERIOD,EnergyCost_per_MWh,SystemCostPerPeriod
2020,48.56699374398798,68117953.73242955
2030,25.030807628584967,46297632.5908291
