PERIOD,EnergyCost_per_MWh,SystemCostPerPeriod
2020,48.59265997916656,68153952.07792313
2030,25.662176715238097,47465429.26909898
