PERIOD,EnergyCost_per_MWh,SystemCostPerPeriod
2020,48.566993743987986,68117953.73242956
2030,25.03080762858496,46297632.59082909
