PERIOD,EnergyCost_per_MWh,SystemCostPerPeriod
2016,18.022942661603828,661608507946.6417
2021,12.051572468328681,477533917298.7947
2026,8.838200686222772,469738103588.5541
2031,7.158341100598648,429094111225.45435
2036,5.696039609813383,393466556659.41846
