PERIOD,EnergyCost_per_MWh,SystemCostPerPeriod
2020,48.566993743987986,68117953.73242956
2030,33.976728901974646,3158891098.913252
