PERIOD,EnergyCost_per_MWh,SystemCostPerPeriod
2020,48.641816921200046,68222897.46747546
2030,25.515046362084423,47193293.14251676
